title,rating,ratingDescription,release year,user rating score
White Chicks,PG-13,80,2004,82
Lucky Number Slevin,R,100,2006,NA
Grey's Anatomy,TV-14,90,2016,98
Prison Break,TV-14,90,2008,98
How I Met Your Mother,TV-PG,70,2014,94
Supernatural,TV-14,90,2016,95
Breaking Bad,TV-MA,110,2013,97
The Vampire Diaries,TV-14,90,2017,91
The Walking Dead,TV-MA,110,2015,98
Pretty Little Liars,TV-14,90,2016,96
Once Upon a Time,TV-PG,70,2016,98
Sherlock,TV-14,90,2016,95
Death Note,TV-14,90,2006,77
Naruto,TV-PG,70,2008,88
The Hunter,R,100,2011,NA
Lottie Dottie Chicken,TV-Y,10,2009,NA
Arrow,TV-14,90,2015,96
Black Mirror,TV-MA,110,2016,80
The Originals,TV-14,90,2016,74
The 100,NR,124,2016,97
Masha and the Bear,TV-Y,10,2013,81
"�� Pai, �� - Look at This",TV-MA,110,2007,NA
Nymphomaniac: Volume 1,NR,124,2013,NA
Hunter X Hunter (2011),NR,124,2013,57
Marvel's Luke Cage,TV-MA,110,2016,95
Marvel's Iron Fist,TV-MA,110,2017,98
Narcos,TV-MA,110,2016,94
The Flash,TV-PG,70,2016,98
The Seven Deadly Sins,TV-14,90,2016,NA
Scream,TV-14,90,2016,NA
The Do-Over,TV-MA,110,2016,84
Opera̵̤es Especiais,TV-MA,110,2015,NA
3%,TV-MA,110,2016,NA
Trollhunters,TV-Y7-FV,42,2016,83
Fearless,TV-14,90,2016,NA
Hyena Road,R,100,2015,NA
Santa Clarita Diet,TV-MA,110,2017,82
"Sex, Love and Therapy",NR,124,2014,NA
White Girl,UR,124,2016,NA
Girlboss,TV-MA,110,2017,94
City of God: 10 Years Later,TV-MA,110,2013,NA
13 Reasons Why,TV-MA,110,2017,99
Sand Castle,TV-MA,110,2017,89
Salvador Martinha - Tip of the Tongue,TV-MA,110,2016,NA
Sandy Wexler,TV-14,90,2017,92
O Amor no Diṿ,TV-MA,110,2016,NA
Stronger Than the World,NR,124,2016,NA
Back and Forth,NR,124,2016,NA
Happily Married,TV-14,90,2015,NA
Pandora,TV-MA,110,2016,NA
Lucky Number Slevin,R,100,2006,NA
The Office (U.S.),TV-14,90,2012,97
Grey's Anatomy,TV-14,90,2016,98
Prison Break,TV-14,90,2008,98
90210,TV-14,90,2013,62
Gossip Girl,TV-14,90,2012,96
How I Met Your Mother,TV-PG,70,2014,94
Supernatural,TV-14,90,2016,95
Breaking Bad,TV-MA,110,2013,97
Parks and Recreation,TV-14,90,2015,94
Glee,TV-PG,70,2015,92
The Vampire Diaries,TV-14,90,2017,91
Family Guy,TV-MA,110,2015,98
Criminal Minds,TV-14,90,2016,98
Friends,TV-14,90,2003,98
The Secret Life of the American Teenager,TV-14,90,2013,81
One Tree Hill,TV-14,90,2011,90
The Walking Dead,TV-MA,110,2015,98
Pretty Little Liars,TV-14,90,2016,96
Shameless (U.S.),TV-MA,110,2016,97
New Girl,TV-14,90,2016,91
American Horror Story,TV-MA,110,2016,90
Orange Is the New Black,TV-MA,110,2016,98
Inside Russia's Toughest Prison,TV-14,90,2011,NA
Black Mirror,TV-MA,110,2016,80
Bates Motel,TV-14,90,2016,83
The 100,NR,124,2016,97
Marvel's Iron Fist,TV-MA,110,2017,98
Grace and Frankie,TV-MA,110,2017,90
How to Get Away with Murder,TV-14,90,2016,95
The Get Down,TV-MA,110,2017,80
Love,TV-MA,110,2017,NA
The Flash,TV-PG,70,2016,98
The OA,TV-MA,110,2016,NA
Stranger Things,TV-14,90,2016,90
Ingobernable,TV-MA,110,2017,96
Zootopia,PG,60,2016,97
Meet the Blacks,R,100,2016,79
Finding Dory,PG,60,2016,98
Santa Clarita Diet,TV-MA,110,2017,82
Sausage Party,R,100,2016,91
Pete's Dragon,PG,60,2016,93
Kevin Hart: What Now?,R,100,2016,97
Girlboss,TV-MA,110,2017,94
The Discovery,TV-MA,110,2017,NA
Sand Castle,TV-MA,110,2017,89
Sandy Wexler,TV-14,90,2017,92
Chewing Gum,TV-MA,110,2017,93
Cheer Squad,TV-PG,70,2016,61
Only for One Night,TV-MA,110,2016,78
The Life Aquatic with Steve Zissou,R,100,2004,NA
Lucky Number Slevin,R,100,2006,NA
The L Word,TV-MA,110,2009,NA
The Office (U.S.),TV-14,90,2012,97
30 Rock,TV-14,90,2012,66
Mad Men,TV-14,90,2014,75
It's Always Sunny in Philadelphia,TV-MA,110,2016,91
Californication,TV-MA,110,2014,63
Parks and Recreation,TV-14,90,2015,94
Friends,TV-14,90,2003,98
Shameless (U.S.),TV-MA,110,2016,97
Portlandia,TV-14,90,2016,62
New Girl,TV-14,90,2016,91
Don't Trust the B---- in Apartment 23,TV-14,90,2012,NA
Friends with Benefits,TV-14,90,2011,NA
The Client List,TV-14,90,2013,92
Halt and Catch Fire,TV-14,90,2016,NA
5 to 7,R,100,2014,NA
Marvel's Iron Fist,TV-MA,110,2017,98
Chef's Table,TV-MA,110,2017,NA
Documentary Now!,TV-14,90,2016,NA
Grace and Frankie,TV-MA,110,2017,90
Better Call Saul,TV-MA,110,2016,95
The Get Down,TV-MA,110,2017,80
Schitt's Creek,TV-14,90,2016,74
Lovesick,TV-MA,110,2016,NA
Flaked,TV-MA,110,2016,NA
Master of None,TV-MA,110,2015,NA
Chelsea,TV-MA,110,2017,NA
Abstract: The Art of Design,TV-14,90,2017,NA
Cooper Barrett's Guide to Surviving Life,TV-14,90,2016,NA
The Great British Baking Show,TV-PG,70,2016,94
Life in Pieces,TV-14,90,2015,68
Crazy Ex-Girlfriend,TV-14,90,2017,NA
Easy,TV-MA,110,2016,NA
Santa Clarita Diet,TV-MA,110,2017,82
No Tomorrow,TV-14,90,2016,NA
Minimalism: A Documentary About the Important Things,TV-PG,70,2016,NA
Girlboss,TV-MA,110,2017,94
Hot Girls Wanted: Turned On,TV-MA,110,2017,NA
The Discovery,TV-MA,110,2017,NA
13 Reasons Why,TV-MA,110,2017,99
Sandy Wexler,TV-14,90,2017,92
Chewing Gum,TV-MA,110,2017,93
Win It All,TV-MA,110,2017,NA
Merl�?,TV-PG,70,2015,NA
Amy Schumer: The Leather Special,TV-MA,110,2017,NA
Louis C.K. 2017,TV-MA,110,2017,71
Dave Chappelle,TV-MA,110,2017,94
Almost Adults,NR,124,2016,NA
The Brothers,R,100,2001,NA
Skins,TV-MA,110,2013,NA
The Cleveland Show,TV-14,90,2012,88
Absolutely Fabulous,TV-14,90,2012,59
Don't Trust the B---- in Apartment 23,TV-14,90,2012,NA
Raising Hope,TV-14,90,2013,73
Come Fly With Me,TV-14,90,2010,NA
Orange Is the New Black,TV-MA,110,2016,98
Brickleberry,TV-MA,110,2014,63
Bates Motel,TV-14,90,2016,83
BoJack Horseman,TV-MA,110,2016,NA
Being Mary Jane: The Series,TV-14,90,2016,NA
Documentary Now!,TV-14,90,2016,NA
Grace and Frankie,TV-MA,110,2017,90
Unbreakable Kimmy Schmidt,TV-14,90,2016,NA
The Get Down,TV-MA,110,2017,80
Love,TV-MA,110,2017,NA
Bordertown,TV-14,90,2016,86
Jane The Virgin,TV-14,90,2016,91
Schitt's Creek,TV-14,90,2016,74
Dope,R,100,2015,79
Lovesick,TV-MA,110,2016,NA
The Carmichael Show,TV-14,90,2016,69
Cooper Barrett's Guide to Surviving Life,TV-14,90,2016,NA
The Great British Baking Show,TV-PG,70,2016,94
November Rule,TV-14,90,2015,NA
Life in Pieces,TV-14,90,2015,68
Crazy Ex-Girlfriend,TV-14,90,2017,NA
Easy,TV-MA,110,2016,NA
Haters Back Off,TV-14,90,2016,58
Kubo and the Two Strings,PG,60,2016,96
Skins,TV-MA,110,2017,NA
A Weekend with the Family,TV-MA,110,2016,NA
Crazyhead,TV-MA,110,2016,NA
Queen of Katwe,PG,60,2016,NA
Little Boxes,TV-14,90,2016,61
Deidra & Laney Rob a Train,TV-14,90,2017,NA
Girlboss,TV-MA,110,2017,94
Hot Girls Wanted: Turned On,TV-MA,110,2017,NA
13 Reasons Why,TV-MA,110,2017,99
Hurricane Bianca,TV-MA,110,2016,NA
Honeytrap,NR,124,2014,NA
Greenleaf,TV-14,90,2016,62
Lazy Eye,TV-MA,110,2016,NA
Like Cotton Twines,NR,124,2016,NA
The Wedding Party,TV-14,90,2016,NA
Dave Chappelle,TV-MA,110,2017,94
Only for One Night,TV-MA,110,2016,78
Boy Bye,TV-MA,110,2016,NA
Almost Adults,NR,124,2016,NA
Nancy Drew,PG,60,2007,NA
30 Rock,TV-14,90,2012,66
Nurse Jackie,TV-MA,110,2015,82
Parks and Recreation,TV-14,90,2015,94
Drop Dead Diva,TV-PG,70,2014,NA
Gilmore Girls,TV-14,90,2006,91
Parenthood,TV-14,90,2014,79
Life Unexpected,TV-PG,70,2010,55
Portlandia,TV-14,90,2016,62
New Girl,TV-14,90,2016,91
Don't Trust the B---- in Apartment 23,TV-14,90,2012,NA
Raising Hope,TV-14,90,2013,73
Being Human (U.S.),TV-14,90,2014,58
Friends with Benefits,TV-14,90,2011,NA
The Carrie Diaries,TV-14,90,2013,NA
Baby Daddy,TV-14,90,2016,80
Halt and Catch Fire,TV-14,90,2016,NA
The Angriest Man in Brooklyn,R,100,2014,NA
5 to 7,R,100,2014,NA
Chef's Table,TV-MA,110,2017,NA
Grace and Frankie,TV-MA,110,2017,90
Unbreakable Kimmy Schmidt,TV-14,90,2016,NA
The Get Down,TV-MA,110,2017,80
Sense8,TV-MA,110,2017,81
Love,TV-MA,110,2017,NA
Bordertown,TV-14,90,2016,86
Girlfriends' Guide to Divorce,TV-14,90,2015,63
Schitt's Creek,TV-14,90,2016,74
The Carmichael Show,TV-14,90,2016,69
Chelsea,TV-MA,110,2017,NA
Abstract: The Art of Design,TV-14,90,2017,NA
Cooper Barrett's Guide to Surviving Life,TV-14,90,2016,NA
The Great British Baking Show,TV-PG,70,2016,94
Life in Pieces,TV-14,90,2015,68
Crazy Ex-Girlfriend,TV-14,90,2017,NA
Fried,TV-MA,110,2015,NA
The Great Gilly Hopkins,PG,60,2016,69
The Magicians,TV-MA,110,2016,89
One Day at a Time,TV-PG,70,2017,NA
No Tomorrow,TV-14,90,2016,NA
Hot Girls Wanted: Turned On,TV-MA,110,2017,NA
13 Reasons Why,TV-MA,110,2017,99
Better Off Single,TV-MA,110,2016,NA
Sandy Wexler,TV-14,90,2017,92
Chewing Gum,TV-MA,110,2017,93
The Matchbreaker,PG,60,2016,79
Tramps,TV-MA,110,2017,NA
Slam,TV-MA,110,2017,NA
Cheer Squad,TV-PG,70,2016,61
Almost Adults,NR,124,2016,NA
The Waterboy,PG-13,80,1998,82
10 Things I Hate About You,PG-13,80,1999,68
Grease,PG,60,1978,86
How to Lose a Guy in 10 Days,PG-13,80,2003,56
The Benchwarmers,PG-13,80,2006,77
Step Up,PG-13,80,2006,64
High School Musical 2,TV-G,35,2007,58
Twilight,PG-13,80,2008,89
Coraline,PG,60,2009,95
Hannah Montana: The Movie,G,35,2009,56
The Office (U.S.),TV-14,90,2012,97
Friday Night Lights,TV-PG,70,2010,81
StarStruck,TV-G,35,2010,NA
Grey's Anatomy,TV-14,90,2016,98
Prison Break,TV-14,90,2008,98
90210,TV-14,90,2013,62
Gossip Girl,TV-14,90,2012,96
How I Met Your Mother,TV-PG,70,2014,94
Glee,TV-PG,70,2015,92
The Vampire Diaries,TV-14,90,2017,91
Family Guy,TV-MA,110,2015,98
Criminal Minds,TV-14,90,2016,98
Friends,TV-14,90,2003,98
Mean Girls 2,PG-13,80,2011,NA
The Secret Life of the American Teenager,TV-14,90,2013,81
That '70s Show,TV-14,90,2005,89
Gilmore Girls,TV-14,90,2006,91
Parenthood,TV-14,90,2014,79
Heartland,TV-PG,70,2015,85
Pretty Little Liars,TV-14,90,2016,96
Shameless (U.S.),TV-MA,110,2016,97
Switched at Birth,TV-14,90,2015,83
New Girl,TV-14,90,2016,91
Hart of Dixie,TV-PG,70,2014,81
The Client List,TV-14,90,2013,92
The Carrie Diaries,TV-14,90,2013,NA
Safe Haven,PG-13,80,2013,62
Baby Daddy,TV-14,90,2016,80
The Night Shift,TV-14,90,2015,93
Reign,TV-14,90,2015,79
Grace and Frankie,TV-MA,110,2017,90
How to Get Away with Murder,TV-14,90,2016,95
Fuller House,TV-G,35,2016,90
Finding Dory,PG,60,2016,98
Gilmore Girls: A Year in the Life,TV-14,90,2016,77
13 Reasons Why,TV-MA,110,2017,99
Gabriel lglesias: I�۪m Sorry For What I Said When I Was Hungry,TV-14,90,2016,84
Amy Schumer: The Leather Special,TV-MA,110,2017,NA
Cheer Squad,TV-PG,70,2016,61
Dave Chappelle,TV-MA,110,2017,94
The Waterboy,PG-13,80,1998,82
Grease,PG,60,1978,86
The Wedding Planner,PG-13,80,2001,NA
Blow,R,100,2001,78
High School Musical,TV-G,35,2006,64
High School Musical 2,TV-G,35,2007,58
Twilight,PG-13,80,2008,89
Hannah Montana: The Movie,G,35,2009,56
The Office (U.S.),TV-14,90,2012,97
Bones,TV-14,90,2016,97
Law & Order: Special Victims Unit,TV-14,90,2015,97
Prison Break,TV-14,90,2008,98
Nurse Jackie,TV-MA,110,2015,82
NCIS,TV-14,90,2016,97
Gossip Girl,TV-14,90,2012,96
How I Met Your Mother,TV-PG,70,2014,94
Supernatural,TV-14,90,2016,95
Parks and Recreation,TV-14,90,2015,94
Glee,TV-PG,70,2015,92
The Vampire Diaries,TV-14,90,2017,91
Criminal Minds,TV-14,90,2016,98
Friends,TV-14,90,2003,98
Mean Girls 2,PG-13,80,2011,NA
The Secret Life of the American Teenager,TV-14,90,2013,81
One Tree Hill,TV-14,90,2011,90
Army Wives,TV-14,90,2013,61
Gilmore Girls,TV-14,90,2006,91
Private Practice,TV-14,90,2012,88
Parenthood,TV-14,90,2014,79
Pretty Little Liars,TV-14,90,2016,96
Shameless (U.S.),TV-MA,110,2016,97
New Girl,TV-14,90,2016,91
Revenge,TV-PG,70,2015,84
Scandal,TV-14,90,2016,92
Magic Mike,R,100,2012,77
Trouble with the Curve,PG-13,80,2012,63
Orange Is the New Black,TV-MA,110,2016,98
Baby Daddy,TV-14,90,2016,80
The Night Shift,TV-14,90,2015,93
The Originals,TV-14,90,2016,74
Home,PG,60,2015,94
How to Get Away with Murder,TV-14,90,2016,95
Zootopia,PG,60,2016,97
Finding Dory,PG,60,2016,98
Sausage Party,R,100,2016,91
Skin Wars,TV-14,90,2016,69
Girlboss,TV-MA,110,2017,94
13 Reasons Why,TV-MA,110,2017,99
Felipe Neto: My Life Makes No Sense,TV-MA,110,2017,NA
Cheer Squad,TV-PG,70,2016,61
Lost,TV-14,90,2010,98
Weeds,TV-MA,110,2012,85
The Tudors,TV-MA,110,2010,NA
Grey's Anatomy,TV-14,90,2016,98
Lie to Me,TV-14,90,2010,89
Prison Break,TV-14,90,2008,98
Gossip Girl,TV-14,90,2012,96
Glee,TV-PG,70,2015,92
The Vampire Diaries,TV-14,90,2017,91
The Secret Life of the American Teenager,TV-14,90,2013,81
Drop Dead Diva,TV-PG,70,2014,NA
Gilmore Girls,TV-14,90,2006,91
Charmed,TV-PG,70,2005,90
White Collar,TV-PG,70,2014,93
House of Cards,TV-MA,110,2016,91
Pretty Little Liars,TV-14,90,2016,96
The Killing,TV-14,90,2014,73
Shameless (U.S.),TV-MA,110,2016,97
Hart of Dixie,TV-PG,70,2014,81
Once Upon a Time,TV-PG,70,2016,98
Scandal,TV-14,90,2016,92
The Client List,TV-14,90,2013,92
Unconditional,PG-13,80,2012,NA
Bates Motel,TV-14,90,2016,83
The Blacklist,TV-14,90,2016,96
The Fosters,TV-14,90,2016,73
Reign,TV-14,90,2015,79
The Originals,TV-14,90,2016,74
The 100,NR,124,2016,97
Witches of East End,TV-14,90,2014,NA
Bitten,TV-MA,110,2016,56
London Has Fallen,R,100,2016,96
Marvel's Jessica Jones,TV-MA,110,2015,83
Bloodline,TV-MA,110,2016,NA
Grace and Frankie,TV-MA,110,2017,90
Velvet,TV-14,90,2016,NA
How to Get Away with Murder,TV-14,90,2016,95
The Crown,TV-MA,110,2016,84
Jane The Virgin,TV-14,90,2016,91
Kurt Seyit & Sura,TV-14,90,2014,NA
The Returned,TV-14,90,2015,NA
The Girl in the Book,TV-MA,110,2015,NA
Quantico,TV-14,90,2016,88
Life in Pieces,TV-14,90,2015,68
Ingobernable,TV-MA,110,2017,96
Girlboss,TV-MA,110,2017,94
13 Reasons Why,TV-MA,110,2017,99
Merl�?,TV-PG,70,2015,NA
Greenleaf,TV-14,90,2016,62
100 Metros,TV-MA,110,2016,NA
Bones,TV-14,90,2016,97
Dexter,TV-MA,110,2013,95
Leverage,TV-PG,70,2012,86
Grey's Anatomy,TV-14,90,2016,98
Lie to Me,TV-14,90,2010,89
Prison Break,TV-14,90,2008,98
NCIS,TV-14,90,2016,97
Burn Notice,TV-14,90,2013,85
Breaking Bad,TV-MA,110,2013,97
Criminal Minds,TV-14,90,2016,98
White Collar,TV-PG,70,2014,93
Luther,TV-14,90,2015,69
Hawaii Five-0,TV-14,90,2016,96
House of Cards,TV-MA,110,2016,91
Last Man Standing,TV-PG,70,2015,97
Revenge,TV-PG,70,2015,84
Person of Interest,TV-14,90,2016,93
Scandal,TV-14,90,2016,92
Touch,TV-14,90,2012,68
Sherlock,TV-14,90,2016,95
Breakout Kings,TV-14,90,2012,88
The Client List,TV-14,90,2013,92
Arrow,TV-14,90,2015,96
The Following,TV-14,90,2015,NA
"Drugs, Inc.",TV-14,90,2015,NA
Longmire,TV-14,90,2016,92
Ripper Street,TV-MA,110,2016,NA
The Fall,TV-MA,110,2016,61
Death in Paradise,TV-14,90,2016,77
Marvel's Agents of S.H.I.E.L.D.,TV-PG,70,2016,89
Crossing Lines,TV-14,90,2015,66
London Has Fallen,R,100,2016,96
Halt and Catch Fire,TV-14,90,2016,NA
Marvel's Iron Fist,TV-MA,110,2017,98
The Honorable Woman,TV-MA,110,2014,NA
Transporter: The Series,TV-MA,110,2014,NA
Gotham,TV-14,90,2016,85
Better Call Saul,TV-MA,110,2016,95
How to Get Away with Murder,TV-14,90,2016,95
Narcos,TV-MA,110,2016,94
American Odyssey,TV-14,90,2015,NA
Aquarius,TV-MA,110,2015,NA
Hap and Leonard,TV-MA,110,2016,57
Rosewood,TV-14,90,2015,81
Quantico,TV-14,90,2016,88
Limitless,TV-14,90,2016,84
Travelers,TV-MA,110,2016,86
The Doctor Blake Mysteries,TV-MA,110,2016,57
I.T,NR,124,2016,NA
Bordertown,TV-MA,110,2016,NA
The Office (U.S.),TV-14,90,2012,97
Grey's Anatomy,TV-14,90,2016,98
Law & Order: Special Victims Unit,TV-14,90,2015,97
Lie to Me,TV-14,90,2010,89
Prison Break,TV-14,90,2008,98
90210,TV-14,90,2013,62
Gossip Girl,TV-14,90,2012,96
How I Met Your Mother,TV-PG,70,2014,94
Parks and Recreation,TV-14,90,2015,94
The Vampire Diaries,TV-14,90,2017,91
Criminal Minds,TV-14,90,2016,98
Friends,TV-14,90,2003,98
The West Wing,TV-14,90,2005,79
Parenthood,TV-14,90,2014,79
White Collar,TV-PG,70,2014,93
Blue Bloods,TV-14,90,2016,95
House of Cards,TV-MA,110,2016,91
Pretty Little Liars,TV-14,90,2016,96
The Killing,TV-14,90,2014,73
Shameless (U.S.),TV-MA,110,2016,97
New Girl,TV-14,90,2016,91
Revenge,TV-PG,70,2015,84
Person of Interest,TV-14,90,2016,93
Once Upon a Time,TV-PG,70,2016,98
Scandal,TV-14,90,2016,92
Forensic Files,TV-14,90,2011,88
Sherlock,TV-14,90,2016,95
The Client List,TV-14,90,2013,92
Orange Is the New Black,TV-MA,110,2016,98
Rectify,TV-14,90,2016,NA
Black Mirror,TV-MA,110,2016,80
Bates Motel,TV-14,90,2016,83
The Fall,TV-MA,110,2016,61
The Blacklist,TV-14,90,2016,96
Being Mary Jane: The Series,TV-14,90,2016,NA
American Crime,TV-14,90,2016,NA
Madam Secretary,TV-14,90,2016,70
Sense8,TV-MA,110,2017,81
Scream,TV-14,90,2016,NA
Rosewood,TV-14,90,2015,81
The Great British Baking Show,TV-PG,70,2016,94
Quantico,TV-14,90,2016,88
Limitless,TV-14,90,2016,84
American Crime Story: The People v. O.J. Simpson,TV-MA,110,2016,79
Santa Clarita Diet,TV-MA,110,2017,82
No Tomorrow,TV-14,90,2016,NA
Girlboss,TV-MA,110,2017,94
13 Reasons Why,TV-MA,110,2017,99
The Doctor Blake Mysteries,TV-MA,110,2016,57
Greenleaf,TV-14,90,2016,62
The Nightmare Before Christmas,PG,60,1993,84
Scooby-Doo,PG,60,2002,86
Chicken Little,G,35,2005,92
Teenage Mutant Ninja Turtles,PG,60,2007,NA
Star Wars: The Clone Wars,PG,60,2008,57
Coraline,PG,60,2009,95
The Smurfs and the Magic Flute,G,35,1976,NA
We're Back! A Dinosaur's Story,G,35,1993,NA
Thomas & Friends: Thomas & the Runaway Kite,TV-Y,10,2010,NA
Dino Squad,TV-Y7,41,2008,NA
Cars Toons: Mater's Tall Tales,TV-G,35,2010,74
LeapFrog: The Amazing Alphabet Amusement Park,TV-Y,10,2010,NA
Star Wars: The Clone Wars,TV-PG,70,2014,93
Phineas and Ferb,TV-G,35,2012,89
The Batman,TV-Y7,41,2007,77
Justice League,TV-Y7-FV,42,2003,66
Justice League Unlimited,TV-Y7-FV,42,2005,NA
Mighty Morphin Power Rangers,TV-Y7-FV,42,2010,73
Young Justice,TV-PG,70,2012,71
The Super Mario Bros. Super Show!,TV-Y7,41,1989,NA
Power Rangers Zeo,TV-Y7-FV,42,1996,NA
Oscar's Oasis,TV-G,35,2011,NA
Transformers Prime,TV-Y7-FV,42,2013,NA
The Adventures of Chuck & Friends,TV-Y,10,2011,NA
Transformers: Rescue Bots,TV-Y7,41,2016,NA
Thomas & Friends: King of the Railway,TV-G,35,2013,NA
LEGO: Marvel Super Heroes: Maximum Overload,TV-Y7-FV,42,2013,NA
Max Steel,TV-Y7-FV,42,2014,NA
Transformers Prime Beast Hunters: Predacons Rising,TV-Y7-FV,42,2013,NA
Agent F.O.X.,PG,60,2014,NA
VeggieTales in the House,TV-Y,10,2016,NA
Thunder and the House Of Magic,TV-G,35,2013,NA
All Hail King Julien,TV-Y7-FV,42,2016,71
Kong: King of the Apes,TV-Y7-FV,42,2016,NA
Marvel Super Hero Adventures: Frost Fight!,PG,60,2015,NA
Slugterra: Slug Fu Showdown,TV-Y7-FV,42,2015,NA
Dinotrux,TV-Y7-FV,42,2017,NA
Edgar Rice Burroughs' Tarzan and Jane,TV-Y7-FV,42,2017,NA
Lego DC Comics: Batman Be-Leaguered,TV-Y7,41,2014,NA
Trollhunters,TV-Y7-FV,42,2016,83
Power Rangers Dino Charge,TV-Y7,41,2015,NA
Bunks,TV-PG,70,2013,NA
The Jungle Book,PG,60,2016,97
The Angry Birds Movie,PG,60,2016,92
The Secret Life of Pets,PG,60,2016,NA
The Furchester Hotel,TV-Y,10,2015,NA
Marvel's Hulk: Where Monsters Dwell,PG,60,2016,NA
Angry Birds,TV-G,35,2013,NA
Talking Tom and Friends,TV-G,35,2016,61
Nexo Knights,TV-Y7-FV,42,2015,NA
The Nightmare Before Christmas,PG,60,1993,84
An Extremely Goofy Movie,G,35,1999,67
Scooby-Doo,PG,60,2002,86
The Iron Giant,PG,60,1999,83
Star Wars: The Clone Wars,PG,60,2008,57
Cars Toons: Mater's Tall Tales,TV-G,35,2010,74
The Batman,TV-Y7,41,2007,77
Justice League,TV-Y7-FV,42,2003,66
Justice League Unlimited,TV-Y7-FV,42,2005,NA
The Cat in the Hat Knows a Lot About That!,TV-Y,10,2014,NA
Mighty Morphin Power Rangers,TV-Y7-FV,42,2010,73
Bob the Builder,TV-Y,10,2015,NA
Beyblade: Metal Fusion,TV-Y7,41,2009,NA
Ninja Turtles: The Next Mutation,TV-Y7-FV,42,1997,NA
Transformers Prime,TV-Y7-FV,42,2013,NA
DreamWorks Kung Fu Panda Awesome Secrets,TV-PG,70,2008,NA
LEGO Ninjago: Masters of Spinjitzu,TV-Y7-FV,42,2015,67
Transformers: Rescue Bots,TV-Y7,41,2016,NA
Goosebumps,TV-Y7,41,1998,88
LEGO Ninjago: Masters of Spinjitzu: Way of the Ninja,TV-Y7-FV,42,2011,NA
Super Buddies,G,35,2013,NA
Tad: The Lost Explorer,TV-PG,70,2012,NA
Pok̩mon: Indigo League,TV-Y,10,2000,74
Ratchet and Clank,PG,60,2016,74
Pac-Man and the Ghostly Adventures,TV-Y7,41,2014,NA
Iron Man & Captain America: Heroes United,PG,60,2014,NA
Power Rangers Super Megaforce,TV-Y7,41,2014,NA
Chuggington,TV-Y,10,2015,NA
All Hail King Julien,TV-Y7-FV,42,2016,71
The Adventures of Puss in Boots,TV-Y7-FV,42,2016,78
Kong: King of the Apes,TV-Y7-FV,42,2016,NA
Marvel Super Hero Adventures: Frost Fight!,PG,60,2015,NA
Some Assembly Required,TV-G,35,2015,NA
Dinotrux,TV-Y7-FV,42,2017,NA
Edgar Rice Burroughs' Tarzan and Jane,TV-Y7-FV,42,2017,NA
Kulipari: An Army of Frogs,TV-Y7-FV,42,2016,NA
Transformers: Robots in Disguise,TV-Y7,41,2016,NA
Robocar Poli,TV-Y,10,2012,NA
LEGO Bionicle: The Journey to One,TV-Y7-FV,42,2016,NA
Lego DC Comics: Batman Be-Leaguered,TV-Y7,41,2014,NA
Voltron: Legendary Defender,TV-Y7-FV,42,2017,NA
Trollhunters,TV-Y7-FV,42,2016,83
Buddy Thunderstruck,TV-PG,70,2017,NA
Power Rangers Dino Charge,TV-Y7,41,2015,NA
Pok̩mon: XY,TV-Y7-FV,42,2015,56
Power Rangers Dino Super Charge,TV-Y7,41,2016,NA
The Deep,TV-Y7,41,2015,NA
Skylanders Academy,TV-Y7,41,2016,NA
Marvel's Hulk: Where Monsters Dwell,PG,60,2016,NA
Growing Up Wild,G,35,2016,80
The Little Rascals,PG,60,1994,86
Flubber,PG,60,1997,83
Tarzan,G,35,1999,95
The Emperor's New Groove,G,35,2000,95
Scooby-Doo,PG,60,2002,86
Lilo & Stitch,PG,60,2002,95
Scooby-Doo 2: Monsters Unleashed,PG,60,2004,82
The Three Musketeers,G,35,2004,NA
Mickey's Twice Upon a Christmas,G,35,2004,NA
The Pacifier,PG,60,2005,91
Chicken Little,G,35,2005,92
Teenage Mutant Ninja Turtles,PG,60,2007,NA
Bee Movie,PG,60,2007,94
Kung Fu Panda,PG,60,2008,91
Coraline,PG,60,2009,95
Cars Toons: Mater's Tall Tales,TV-G,35,2010,74
Phineas and Ferb,TV-G,35,2012,89
Super Why!,TV-Y,10,2015,68
Jessie,TV-G,35,2015,88
Disney Animation Collection: Vol. 1: Mickey and the Beanstalk,TV-G,35,2009,NA
Lab Rats,TV-Y7,41,2016,85
Masha and the Bear,TV-Y,10,2013,81
Pocoyo,TV-Y,10,2007,67
Home,PG,60,2015,94
Chuggington,TV-Y,10,2015,NA
Octonauts,TV-Y,10,2015,NA
Dragons: Race to the Edge,TV-Y7-FV,42,2017,88
Mother Goose Club,TV-Y,10,2016,NA
Little Einsteins,TV-Y,10,2007,70
Hotel Transylvania 2,PG,60,2015,93
Dawn of the Croods,TV-Y7,41,2017,72
Dinotrux,TV-Y7-FV,42,2017,NA
Goosebumps,PG,60,2015,90
Kung Fu Panda 3,PG,60,2016,92
Zootopia,PG,60,2016,97
The Jungle Book,PG,60,2016,97
Home: Adventures with Tip & Oh,TV-Y7,41,2017,NA
Open Season: Scared Silly,PG,60,2015,72
The Land Before Time XIV: Journey of the Brave,G,35,2016,NA
The Angry Birds Movie,PG,60,2016,92
Alice Through the Looking Glass,PG,60,2016,96
Finding Dory,PG,60,2016,98
The Secret Life of Pets,PG,60,2016,NA
Ask the StoryBots,TV-Y,10,2016,NA
The Furchester Hotel,TV-Y,10,2015,NA
Goldie & Bear,TV-Y,10,2016,77
Little Baby Bum: Nursery Rhyme Friends,TV-Y,10,2016,NA
Angry Birds,TV-G,35,2013,NA
Tayo the Little Bus,TV-Y,10,2014,NA
Talking Tom and Friends,TV-G,35,2016,61
The Little Rascals,PG,60,1994,86
Antz,PG,60,1998,80
Tarzan,G,35,1999,95
An Extremely Goofy Movie,G,35,1999,67
Chicken Run,G,35,2000,80
The Emperor's New Groove,G,35,2000,95
Lilo & Stitch,PG,60,2002,95
Spy Kids 3: Game Over,PG,60,2003,64
Annie,PG,60,1982,68
Mulan 2,G,35,2004,85
Chicken Little,G,35,2005,92
Lilo & Stitch 2: Stitch Has A Glitch,PG,60,2005,85
Teenage Mutant Ninja Turtles,PG,60,2007,NA
Bee Movie,PG,60,2007,94
Kung Fu Panda,PG,60,2008,91
Cars Toons: Mater's Tall Tales,TV-G,35,2010,74
Super Why!,TV-Y,10,2015,68
DreamWorks Shrek's Swamp Stories,TV-PG,70,2008,56
Beverly Hills Chihuahua 3: Viva La Fiesta!,G,35,2012,NA
DreamWorks Spooky Stories: Volume 2,TV-PG,70,2011,NA
The Magic School Bus,TV-Y,10,1997,81
Goosebumps,TV-Y7,41,1998,88Sammy 2,TV-PG,70,2012,NA
Disney Animation Collection: Vol. 1: Mickey and the Beanstalk,TV-G,35,2009,NA
Masha and the Bear,TV-Y,10,2013,81
Pocoyo,TV-Y,10,2007,67
Sofia the First,TV-Y,10,2015,82
Barbie Life in the Dreamhouse,TV-G,35,2012,85
Paddington,PG,60,2014,70
Larva,TV-G,35,2015,NA
Sid the Science Kid,TV-Y,10,2008,NA
Chuggington,TV-Y,10,2015,NA
All Hail King Julien,TV-Y7-FV,42,2016,71
Octonauts,TV-Y,10,2015,NA
Minions,PG,60,2015,96
Dragons: Race to the Edge,TV-Y7-FV,42,2017,88
Little Einsteins,TV-Y,10,2007,70
Hotel Transylvania 2,PG,60,2015,93
Dinotrux,TV-Y7-FV,42,2017,NA
The Little Prince,PG,60,2015,71
Word Party,TV-Y,10,2016,NA
Zootopia,PG,60,2016,97
The Jungle Book,PG,60,2016,97
Home: Adventures with Tip & Oh,TV-Y7,41,2017,NA
Open Season: Scared Silly,PG,60,2015,72
The Angry Birds Movie,PG,60,2016,92
Finding Dory,PG,60,2016,98
The Secret Life of Pets,PG,60,2016,NA
Goldie & Bear,TV-Y,10,2016,77
Talking Tom and Friends,TV-G,35,2016,61
Cool Runnings,PG,60,1993,81
Homeward Bound: The Incredible Journey,G,35,1993,96
The Little Rascals,PG,60,1994,86
Anastasia,G,35,1997,93
Tarzan,G,35,1999,95
The Emperor's New Groove,G,35,2000,95
Scooby-Doo,PG,60,2002,86
Lilo & Stitch,PG,60,2002,95
Missione Hamburger,PG,60,1997,75
Chicken Little,G,35,2005,92
Curious George,G,35,2006,55
Bee Movie,PG,60,2007,94
Kung Fu Panda,PG,60,2008,91
Coraline,PG,60,2009,95
Cars Toons: Mater's Tall Tales,TV-G,35,2010,74
Super Why!,TV-Y,10,2015,68
Jessie,TV-G,35,2015,88
Secret of the Wings,G,35,2012,65
The Magic School Bus,TV-Y,10,1997,81
Sammy 2,TV-PG,70,2012,NA
Masha and the Bear,TV-Y,10,2013,81
Sofia the First,TV-Y,10,2015,82
Barbie Life in the Dreamhouse,TV-G,35,2012,85
Clifford the Big Red Dog,TV-Y,10,2002,NA
Home,PG,60,2015,94
Paddington,PG,60,2014,70
Chuggington,TV-Y,10,2015,NA
Octonauts,TV-Y,10,2015,NA
Minions,PG,60,2015,96
Dragons: Race to the Edge,TV-Y7-FV,42,2017,88
Little Einsteins,TV-Y,10,2007,70
Hotel Transylvania 2,PG,60,2015,93
Dinotrux,TV-Y7-FV,42,2017,NA
Walt Disney Animation Studios Short Films Collection,TV-G,35,2015,84
Kung Fu Panda 3,PG,60,2016,92
Bunk'd,TV-G,35,2016,61
Zootopia,PG,60,2016,97
The Jungle Book,PG,60,2016,97
Open Season: Scared Silly,PG,60,2015,72
The Land Before Time XIV: Journey of the Brave,G,35,2016,NA
The Angry Birds Movie,PG,60,2016,92
Alice Through the Looking Glass,PG,60,2016,96
The BFG,PG,60,2016,97
The Secret Life of Pets,PG,60,2016,NA
Pete's Dragon,PG,60,2016,93
Kubo and the Two Strings,PG,60,2016,96
Goldie & Bear,TV-Y,10,2016,77
Little Baby Bum: Nursery Rhyme Friends,TV-Y,10,2016,NA
Growing Up Wild,G,35,2016,80
The Real Ghostbusters,TV-Y7,41,1990,65
Cool Runnings,PG,60,1993,81
Anastasia,G,35,1997,93
Antz,PG,60,1998,80
Babe: Pig in the City,G,35,1998,NA
The Prince of Egypt,PG,60,1998,81
Paulie,PG,60,1998,NA
Tarzan,G,35,1999,95
The Road to El Dorado,PG,60,2000,91
Fantasia 2000,G,35,2000,NA
Pocahontas II: Journey to a New World,TV-G,35,1998,64
The Emperor's New Groove,G,35,2000,95
Fantasia,G,35,1940,61
An American Tail,G,35,1986,67
Pooh's Grand Adventure: The Search for Christopher Robin,G,35,1997,NA
FernGully 2: The Magical Rescue,G,35,1998,NA
Balto 2: Wolf Quest,G,35,2001,NA
Balto,G,35,1995,64
Back to the Secret Garden,G,35,2002,NA
The Brave Little Toaster Goes to Mars,G,35,1998,NA
The Brave Little Toaster to the Rescue,G,35,1997,NA
An American Tail: The Mystery of the Night Monster,G,35,1999,NA
An American Tail: Fievel Goes West,G,35,1991,NA
The Last Unicorn,G,35,1982,NA
The Iron Giant,PG,60,1999,83
Brother Bear 2,G,35,2006,57
The Fox and the Hound 2,G,35,2006,NA
The Smurfs and the Magic Flute,G,35,1976,NA
Jetsons: The Movie,G,35,1990,NA
We're Back! A Dinosaur's Story,G,35,1993,NA
A Monster in Paris,PG,60,2011,NA
The Gruffalo,TV-Y,10,2009,NA
DreamWorks How to Train Your Dragon Legends,TV-PG,70,2011,NA
Ernest & Celestine,PG,60,2012,NA
The Magic School Bus,TV-Y,10,1997,81
Animaniacs,TV-Y7,41,1997,72
Disney Animation Collection: Vol. 4: The Tortoise and the Hare,TV-G,35,2009,NA
PopPixie,TV-G,35,2011,NA
Jack and the Cuckoo-Clock Heart,PG,60,2013,NA
The Pirate Fairy,G,35,2014,57
Axel: The Biggest Little Hero,PG,60,2013,NA
The Adventures of Figaro Pho,TV-Y7,41,2015,NA
The Boxcar Children,G,35,2014,NA
Pet Pals in Windland,TV-G,35,2014,NA
Walt Disney Animation Studios Short Films Collection,TV-G,35,2015,84
Alpha and Omega: Dino Digs,TV-G,35,2016,NA
Alice Through the Looking Glass,PG,60,2016,96
Quackerz,PG,60,2016,NA
Hatched,TV-Y7,41,2013,NA
Blinky Bill: The Movie,PG,60,2015,NA
The Real Ghostbusters,TV-Y7,41,1990,65
Flubber,PG,60,1997,83
Anastasia,G,35,1997,93
An Extremely Goofy Movie,G,35,1999,67
An American Tail,G,35,1986,67
Scooby-Doo,PG,60,2002,86
FernGully: The Last Rainforest,G,35,1992,70
Balto 2: Wolf Quest,G,35,2001,NA
Balto,G,35,1995,64
The Lizzie McGuire Movie,PG,60,2003,NA
The Brave Little Toaster Goes to Mars,G,35,1998,NA
The Brave Little Toaster to the Rescue,G,35,1997,NA
Recess: Taking the Fifth Grade,G,35,2003,NA
An American Tail: The Mystery of the Night Monster,G,35,1999,NA
An American Tail: Fievel Goes West,G,35,1991,NA
The Iron Giant,PG,60,1999,83
The Very Hungry Caterpillar and Other Stories,TV-Y,10,1993,NA
The Hero of Color City,G,35,2014,NA
Dino Squad,TV-Y7,41,2008,NA
The Little Engine That Could,G,35,2011,NA
Delhi Safari,PG,60,2012,NA
Ninja Turtles: The Next Mutation,TV-Y7-FV,42,1997,NA
Pound Puppies,TV-Y,10,2013,NA
Sammy 2,TV-PG,70,2012,NA
Monster Math Squad,TV-G,35,2012,NA
Care Bears: Welcome to Care-a-Lot,TV-Y,10,2012,NA
Clifford the Big Red Dog,TV-Y,10,2002,NA
Clifford's Puppy Days,TV-Y,10,2003,NA
Axel: The Biggest Little Hero,PG,60,2013,NA
Agent F.O.X.,PG,60,2014,NA
Dinosaur King,TV-Y7-FV,42,2008,NA
Ribbit,PG,60,2014,NA
Chuggington,TV-Y,10,2015,NA
Rooster Doodle-doo,TV-G,35,2014,NA
Octonauts,TV-Y,10,2015,NA
Kong: King of the Apes,TV-Y7-FV,42,2016,NA
My Animal Friends,TV-Y,10,2013,NA
Worms,PG,60,2013,NA
Puffin Rock,TV-Y,10,2016,NA
Little Einsteins,TV-Y,10,2007,70
Hotel Transylvania 2,PG,60,2015,93
Dinotrux,TV-Y7-FV,42,2017,NA
The Mr. Peabody and Sherman Show,TV-Y7,41,2017,NA
Zoobabu,TV-Y,10,2010,NA
Alpha and Omega: Dino Digs,TV-G,35,2016,NA
Gon,TV-G,35,2013,NA
Sid the Science Kid: The Movie,TV-Y,10,2012,NA
The Land Before Time XIV: Journey of the Brave,G,35,2016,NA
The Secret Life of Pets,PG,60,2016,NA
LEGO Jurassic World: The Indominus Escape,TV-Y7,41,2016,NA
The Real Ghostbusters,TV-Y7,41,1990,65
Cool Runnings,PG,60,1993,81
Anastasia,G,35,1997,93
Antz,PG,60,1998,80
Babe: Pig in the City,G,35,1998,NA
The Prince of Egypt,PG,60,1998,81
Paulie,PG,60,1998,NA
Tarzan,G,35,1999,95
The Road to El Dorado,PG,60,2000,91
Fantasia 2000,G,35,2000,NA
Pocahontas II: Journey to a New World,TV-G,35,1998,64
The Emperor's New Groove,G,35,2000,95
Fantasia,G,35,1940,61
An American Tail,G,35,1986,67
Pooh's Grand Adventure: The Search for Christopher Robin,G,35,1997,NA
FernGully 2: The Magical Rescue,G,35,1998,NA
Balto 2: Wolf Quest,G,35,2001,NA
Balto,G,35,1995,64
Back to the Secret Garden,G,35,2002,NA
The Brave Little Toaster Goes to Mars,G,35,1998,NA
The Brave Little Toaster to the Rescue,G,35,1997,NA
An American Tail: The Mystery of the Night Monster,G,35,1999,NA
An American Tail: Fievel Goes West,G,35,1991,NA
The Last Unicorn,G,35,1982,NA
The Iron Giant,PG,60,1999,83
Brother Bear 2,G,35,2006,57
The Fox and the Hound 2,G,35,2006,NA
The Smurfs and the Magic Flute,G,35,1976,NA
Jetsons: The Movie,G,35,1990,NA
We're Back! A Dinosaur's Story,G,35,1993,NA
A Monster in Paris,PG,60,2011,NA
The Gruffalo,TV-Y,10,2009,NA
DreamWorks How to Train Your Dragon Legends,TV-PG,70,2011,NA
Ernest & Celestine,PG,60,2012,NA
The Magic School Bus,TV-Y,10,1997,81
Animaniacs,TV-Y7,41,1997,72
Disney Animation Collection: Vol. 4: The Tortoise and the Hare,TV-G,35,2009,NA
PopPixie,TV-G,35,2011,NA
Jack and the Cuckoo-Clock Heart,PG,60,2013,NA
The Pirate Fairy,G,35,2014,57
Axel: The Biggest Little Hero,PG,60,2013,NA
The Adventures of Figaro Pho,TV-Y7,41,2015,NA
The Boxcar Children,G,35,2014,NA
Pet Pals in Windland,TV-G,35,2014,NA
Walt Disney Animation Studios Short Films Collection,TV-G,35,2015,84
Alpha and Omega: Dino Digs,TV-G,35,2016,NA
Alice Through the Looking Glass,PG,60,2016,96
Quackerz,PG,60,2016,NA
Hatched,TV-Y7,41,2013,NA
Blinky Bill: The Movie,PG,60,2015,NA
The Real Ghostbusters,TV-Y7,41,1990,65
Cool Runnings,PG,60,1993,81
Homeward Bound: The Incredible Journey,G,35,1993,96
Anastasia,G,35,1997,93
Antz,PG,60,1998,80
Babe: Pig in the City,G,35,1998,NA
The Road to El Dorado,PG,60,2000,91
Fantasia 2000,G,35,2000,NA
Fantasia,G,35,1940,61
Harry and the Hendersons,PG,60,1987,58
Pooh's Grand Adventure: The Search for Christopher Robin,G,35,1997,NA
Cats & Dogs,PG,60,2001,NA
Atlantis: The Lost Empire,PG,60,2001,96
FernGully: The Last Rainforest,G,35,1992,70
Balto 2: Wolf Quest,G,35,2001,NA
Balto,G,35,1995,64
Back to the Secret Garden,G,35,2002,NA
Tarzan & Jane,G,35,2002,NA
Atlantis: Milo's Return,G,35,2003,79
The Brave Little Toaster Goes to Mars,G,35,1998,NA
The Brave Little Toaster to the Rescue,G,35,1997,NA
Annie,PG,60,1982,68
Recess: Taking the Fifth Grade,G,35,2003,NA
An American Tail: The Mystery of the Night Monster,G,35,1999,NA
Batched,G,35,2000,NA
An American Tail: Fievel Goes West,G,35,1991,NA
Winnie the Pooh: Springtime with Roo,G,35,2004,NA
The Last Unicorn,G,35,1982,NA
The Iron Giant,PG,60,1999,83
Mulan 2,G,35,2004,85
Pooh's Heffalump Movie,G,35,2005,NA
Kronk's New Groove,G,35,2005,NA
Corpse Bride,PG,60,2005,91
Brother Bear 2,G,35,2006,57
The Smurfs and the Magic Flute,G,35,1976,NA
Jetsons: The Movie,G,35,1990,NA
We're Back! A Dinosaur's Story,G,35,1993,NA
Ernest & Celestine,PG,60,2012,NA
Animaniacs,TV-Y7,41,1997,72
Disney Animation Collection: Vol. 1: Mickey and the Beanstalk,TV-G,35,2009,NA
Disney Animation Collection: Vol. 2: Three Little Pigs,TV-G,35,2009,NA
Disney Animation Collection: Vol. 4: The Tortoise and the Hare,TV-G,35,2009,NA
The Pirate Fairy,G,35,2014,57
Underdogs,PG,60,2013,NA
The Boxcar Children,G,35,2014,NA
Ribbit,PG,60,2014,NA
Yellowbird,PG,60,2014,NA
Octonauts,TV-Y,10,2015,NA
The Land Before Time XIV: Journey of the Brave,G,35,2016,NA
Quackerz,PG,60,2016,NA
Growing Up Wild,G,35,2016,80
Cool Runnings,PG,60,1993,81
Mr. Magoo,PG,60,1997,NA
Flubber,PG,60,1997,83
Anastasia,G,35,1997,93
Antz,PG,60,1998,80
Babe: Pig in the City,G,35,1998,NA
Paulie,PG,60,1998,NA
The Road to El Dorado,PG,60,2000,91
Air Bud: World Pup,G,35,2000,NA
An American Tail,G,35,1986,67
Harry and the Hendersons,PG,60,1987,58
Cats & Dogs,PG,60,2001,NA
Baby's Day Out,PG,60,1994,71
Balto 2: Wolf Quest,G,35,2001,NA
Balto,G,35,1995,64
Back to the Secret Garden,G,35,2002,NA
Blank Check,PG,60,1994,93
Heavyweights,PG,60,1995,74
Inspector Gadget 2,G,35,2003,NA
Air Bud: Spikes Back,G,35,2003,NA
Annie,PG,60,1982,68
An American Tail: Fievel Goes West,G,35,1991,NA
D2: The Mighty Ducks,PG,60,1994,70
"Honey, I Shrunk the Kids",PG,60,1989,80
The Iron Giant,PG,60,1999,83
The Fox and the Hound 2,G,35,2006,NA
Air Buddies,PG,60,2006,NA
Dr. Dolittle: Tail to the Chief,PG,60,2008,NA
Flicka 2,PG,60,2010,NA
H2O: Just Add Water,TV-PG,70,2009,74
The Gruffalo,TV-Y,10,2009,NA
Dolphin Tale,PG,60,2011,NA
Pound Puppies,TV-Y,10,2013,NA
Beverly Hills Chihuahua 3: Viva La Fiesta!,G,35,2012,NA
The Magic School Bus,TV-Y,10,1997,81
Step Dogs,TV-PG,70,2013,NA
Pok̩mon: Indigo League,TV-Y,10,2000,74
Mia and Me,TV-Y,10,2015,NA
Paddington,PG,60,2014,70
Russell Madness,PG,60,2015,NA
My Animal Friends,TV-Y,10,2013,NA
Dawn of the Croods,TV-Y7,41,2017,72
Alpha and Omega: Dino Digs,TV-G,35,2016,NA
Wiener Dog Internationals,G,35,2015,NA
Pup Star,G,35,2016,NA
The BFG,PG,60,2016,97
The Secret Life of Pets,PG,60,2016,NA
Precious Puppies,TV-G,35,2003,NA
Beary Tales,TV-G,35,2013,NA
Growing Up Wild,G,35,2016,80
